Names,Nationality
Brett Youngberg,CelticEnglish
Alonzo Johnson,CelticEnglish
Brenda Mock Kirkpatrick,CelticEnglish
June Diane Raphael,CelticEnglish
Carl Kelsey,CelticEnglish
Steve Szabo,CelticEnglish
Leford Green,CelticEnglish
Elmer Hackney,CelticEnglish
Vic Mizzy,CelticEnglish
Jerry Houghton,CelticEnglish
Knox Manning,CelticEnglish
John Horton Slaughter,CelticEnglish
Brandon T. Jackson,CelticEnglish
Harris Barron,CelticEnglish
Sean Richard Dulake,CelticEnglish
Bill Hosokawa,CelticEnglish
Franklin P. Hall,CelticEnglish
Carolyn J. Krysiak,CelticEnglish
Charles Waldron Buckley,CelticEnglish
David J. Eicher,CelticEnglish
David McMurtrie Gregg,CelticEnglish
Keith Meyer,CelticEnglish
Emmett Toppino,CelticEnglish
Michael Letzig,CelticEnglish
Barbara Aiello,CelticEnglish
Steve Tisch,CelticEnglish
Eldonta Osborne,CelticEnglish
Milward Simpson,CelticEnglish
James M. Early,CelticEnglish
Charles R. Snyder,CelticEnglish
George Seeley,CelticEnglish
Darnell Alford,CelticEnglish
Shelley Long,CelticEnglish
Jim Spohrer,CelticEnglish
Carl Sherrell,CelticEnglish
Lloyd Winter,CelticEnglish
Robert Agnew,CelticEnglish
Marcy Hinzmann,CelticEnglish
Anastasia Iamachkine,CelticEnglish
Hiram Capron,CelticEnglish
Leonard Mastroni,CelticEnglish
Nate Trewyn,CelticEnglish
Barbara Matera,CelticEnglish
Barrett Ruud,CelticEnglish
Marc Schiechl,CelticEnglish
George Dennison,CelticEnglish
Eugene Callender,CelticEnglish
Sarah Sophia Stothard,CelticEnglish
Henry Brenchley,CelticEnglish
William Lambarde,CelticEnglish
Robert Entwistle,CelticEnglish
Rupert Wegerif,CelticEnglish
Ashley Hutchings,CelticEnglish
Robert William Elliston,CelticEnglish
Elaine Horseman,CelticEnglish
Jack Beacham,CelticEnglish
Charles Henderson Tidbury,CelticEnglish
Susan Hampshire,CelticEnglish
Richard Gunn,CelticEnglish
Ben Evans,CelticEnglish
Ernest Bertram,CelticEnglish
Timmy Mallett,CelticEnglish
Carole Satyamurti,CelticEnglish
Thomas William Walker,CelticEnglish
Humphrey Bennet,CelticEnglish
Martin Flannery,CelticEnglish
Tom Brake,CelticEnglish
Albert Spilsbury,CelticEnglish
Dave Robertson,CelticEnglish
Lee Beachill,CelticEnglish
Robert Meadows White,CelticEnglish
Anthony McKenna,CelticEnglish
Arthur Octavius Edwards,CelticEnglish
Charles Duff,CelticEnglish
Victor Jarvis,CelticEnglish
Peter Cazalet,CelticEnglish
Michael Sprott,CelticEnglish
Percy Fitton,CelticEnglish
Dan Wishart,CelticEnglish
Kyle Bennett,CelticEnglish
Derek King,CelticEnglish
Robert Medley,CelticEnglish
Juliet Roberts,CelticEnglish
Anna Botting,CelticEnglish
Mick Martyn,CelticEnglish
John Pinsent,CelticEnglish
Johnnie Jackson,CelticEnglish
Mitch Stringer,CelticEnglish
Joanna Hogg,CelticEnglish
Warren Neill,CelticEnglish
Ronald Chamberlain,CelticEnglish
James Higson,CelticEnglish
Jack Breedon,CelticEnglish
Jack Jebb,CelticEnglish
Vicky Randall,CelticEnglish
Patience Collier,CelticEnglish
John Inns,CelticEnglish
Ron Wheatley,CelticEnglish
Sid Smith,CelticEnglish
Henry Williams Baker,CelticEnglish
Stuart Cage,CelticEnglish
Suzanne Cooper,CelticEnglish
James Gillick,CelticEnglish
Peter Liddle,CelticEnglish
Bobby Williams,CelticEnglish
Rosemary Conley,CelticEnglish
Robert Snooks,CelticEnglish
Charley Mitchell,CelticEnglish
Leon Rooke,CelticEnglish
Mary Soderstrom,CelticEnglish
Peter MacGowan,CelticEnglish
Bob Solinger,CelticEnglish
David Rimoin,CelticEnglish
Lowell Green,CelticEnglish
Howie Schumm,CelticEnglish
Maxime Elmaleh,CelticEnglish
Dan Ratushny,CelticEnglish
Barry Davis,CelticEnglish
Kira Isabella,CelticEnglish
Colin McKay,CelticEnglish
Stephen Lack,CelticEnglish
Mary Greene,CelticEnglish
Joe Fortes,CelticEnglish
Charles Marega,CelticEnglish
Philip Candelas,CelticEnglish
Guy Lloyd,CelticEnglish
Enid Mumford,CelticEnglish
Braemar Hill murders,CelticEnglish
Wilfred Hill-Wood,CelticEnglish
J M Balliol Salmon,CelticEnglish
Florence Attridge,CelticEnglish
Gavin Kramer,CelticEnglish
T. D. Kendrick,CelticEnglish
Jimmy Speirs,CelticEnglish
George Wynn Brereton Huntingford,CelticEnglish
Nicholas Crafts,CelticEnglish
Lou Bates,CelticEnglish
Harry Leonard Shorto,CelticEnglish
Robert Chandler,CelticEnglish
Stamford Raffles,CelticEnglish
Dorothea Bate,CelticEnglish
Lily Madigan,CelticEnglish
Athanassios S. Fokas,CelticEnglish
Gertrude Bacon,CelticEnglish
Philip Curtis,CelticEnglish
Lisanne Norman,CelticEnglish
Michele Leggott,CelticEnglish
Dimitrios Konstantinidis,Greek
Konstantinos Nikolopoulos,Greek
Michalis Stafylas,Greek
Ioannis Vilaras,Greek
Anna Gerasimou,Greek
Sokratis Lagoudakis,Greek
Argiris Kambouris,Greek
Costa Christo Kapothanasis,Greek
Eleftherios Veryvakis,Greek
Stavros Stathakis,Greek
Dimitrios Gounaris,Greek
Giannis Kalaitzis,Greek
Antonis Mantzaris,Greek
Angeliki Skarlatou,Greek
Andreas Papadopoulos,Greek
Xanthi Konstantinidou,Greek
Andreas Mikroutsikos,Greek
Thanasis Vagias,Greek
Takis Miliadis,Greek
Andreas Acrivos,Greek
Antonis Kapnidis,Greek
Petros Hatzitasis,Greek
Patriarch Peter VII of Alexandria,Greek
Constantine XI Palaiologos,Greek
Ilias Ioannou,Greek
Kanellos Kanellopoulos,Greek
Aristeidis Chasapidis,Greek
Dora Stratou,Greek
Georgios Tsiaras,Greek
Anestis Argyriou,Greek
Christos Papadopoulos,Greek
Konstantinos Panagou,Greek
Dimitrios Tzimourtos,Greek
Tzimis Panousis,Greek
Peter Rasmusen,Greek
Kyriaki Kouvari,Greek
Vassiliki Vougiouka,Greek
Germanos Dimakos,Greek
Rasho Nesterović,Greek
Christos Tasoulis,Greek
Evangelia Tastsoglou,Greek
Dimitri Salachas,Greek
Euphronios,Greek
Avra Theodoropoulou,Greek
Giannis Dermitzakis,Greek
Dimitrios Partsalidis,Greek
Theodoros Xydis,Greek
Zoi Dimitrakou,Greek
Vassilios Tsiartas,Greek
Stelios Tatasopoulos,Greek
Vangelis Moras,Greek
Andreas Ritzos,Greek
Panagiotis Goutsidis,Greek
Orestis Grigoropoulos,Greek
Prodromos Tsaousakis,Greek
Achilleas Sarakatsanos,Greek
Giorgos Xydas,Greek
Ioannis Martzios,Greek
Periklis Bousinakis,Greek
Aristophanes of Byzantium,Greek
Pericles Panagopoulos,Greek
Kristijan Golubović,Greek
Adonios Mastoras,Greek
Giorgos Skartados,Greek
Georgios Bartzokas,Greek
Errikos Kontarinis,Greek
Michail Kostarakos,Greek
Andreas Papagiannakopoulos,Greek
Athina Rachel Tsangari,Greek
Antonis Minou,Greek
Dimitrios Eleftheropoulos,Greek
Georgios Kamperidis,Greek
Panagiotis Katsikas,Greek
Hippolytus of Rome,Greek
Georgios Mavromichalis,Greek
Alexandros Parras,Greek
Marina Makropoulou,Greek
Apostolos Doxiadis,Greek
Panourgias Eliopoulos,Greek
Vasilis Papakonstantinou,Greek
Matthaios Kamariotis,Greek
Alexandra Mavrokordatou,Greek
Sarkis Elgkian,Greek
Julia Alexandratou,Greek
Athinodoros Prousalis,Greek
Demetrius Stefanovich Schilizzi,Greek
Georgios Gennimatas,Greek
Nikolas Tsakos,Greek
Vasilios Koutsianikoulis,Greek
Vangelis-Giorgos Voglis,Greek
Nikolaos Georgantas,Greek
Pete Sykaras,Greek
Antoine Ranc,French
Simon Simon-Auguste,French
Marie-Antoinette Demagnez,French
Youssef Idrissi,French
Ibrahima Dabo,French
René Dérency,French
Franck Junillon,French
Marc-Antoine-Nicolas de Croismare,French
Henri Blondeau,French
Vincent Cantoni,French
Pierre Louis Jean Casimir de Blacas,French
Claude Cahen,French
André Fouché,French
Benoît Potterie,French
Mahdi Camara,French
Colette Magny,French
Joseph-François Garnier,French
Lucien Neuwirth,French
Fabrice Estebanez,French
Paul Meurisse,French
Étienne Wolff,French
Henri Demarquette,French
Fabrice Correia,French
Liane de Pougy,French
Thomas Bouhail,French
Jean-Jacques de Mesmes,French
Pierre Joseph Michel Lorquin,French
Bastien Lecouffe-Deharme,French
Maurice Collignon,French
Coccinelle,French
Prosper Colas,French
Georges Fouquet,French
Noël Corbu,French
Henri Mineur,French
Pierre Hemmer,French
Christophe Manin,French
Dorothée Pousséo,French
Colette Besson,French
Émilien Jacquelin,French
Jacques Daviel,French
Imad Faraj,French
Věra Waldes,French
Albert-Jean,French
Gaston Noury,French
Christophe Bonduelle,French
Philippe Christanval,French
Josceline Percy,French
Bernard de Bury,French
Richard Clayderman,French
Arnaud Bingo,French
Louis Daguerre,French
Gaston Bachelard,French
Léonard Gaultier,French
Gaël Faure,French
Eugène de Planard,French
Adrián Sahibeddine,French
Jacques Stella,French
François Brisson,French
Gabriel Ferry,French
Charles Kuwasseg,French
Marie Delaporte,French
Alfred Jarry,French
Bertrand Marchand,French
Lucien-Anatole Prévost-Paradol,French
Abdoulaye Soumaré,French
Charles Lucien Bonaparte,French
Benoît Régent,French
Yvonne Constant,French
Jean-Marie Déguignet,French
Andréa Vanderstukken,French
Raymond Couderc,French
Jean Avisse,French
Anatole Devosge,French
Albert Fathi,French
Henri Gatineau,French
François Zajdela,French
Clémence de Bourges,French
Madame Céleste,French
Florent Peyre,French
Jules Pillevestre,French
Karim Achoui,French
Benoît Jarrier,French
Joseph Duval-Jouve,French
Henri de La Bastide,French
Guillaume Martin,French
Louis-Joseph Francœur,French
Abdelhak Belahmeur,French
Eugène Boudin,French
Huguette Delavault,French
Joseph Kergueris,French
"Vincent-Marie Viénot, Count of Vaublanc",French
Jean-Marie Pesez,French
Michèle Artigue,French
François Hélary,French
Sébastien Duret,French
Michel Ferdinand d'Albert d'Ailly,French
Emmanuel Biron,French
Jérémy Bescond,French
Guillaume André d'Hébert,French
Pierre Aubry,French
Robert Galley,French
Stanley Hoffmann,French
Frédéric Épaud,French
Titi Kwan,French
Sami Matoug,French
Cédric Hervé,French
Frédéric Botton,French
Benjamin Hennequin,French
Jacques le Berré,French
Jean-Louis Bertuccelli,French
Irvin Cardona,French
Maurice Archambaud,French
Philippe Chatrier,French
Nathalie Léger,French
Henri Antoine Jacques,French
Émilie Gavois-Kahn,French
Mohammed Moussaoui,French
Johann Morant,French
Julien Maio,French
Léonide Moguy,French
Jacques Famery,French
René Mercier,French
Dan Simkovitch,French
"Nicholas d'Oisy, Lord of Avesnes",French
Claude Paillat,French
"Louis, Grand Condé",French
Jean Parra,French
Patrick Vieira,French
Sébastien Cazenove,French
Amédée Thubé,French
Jacques Louis François Delaistre de Tilly,French
Jean-Hippolyte Michon,French
Geneviève Petau de Maulette,French
Georges Charpentier,French
Charles de Marillac,French
Therry Racon,French
Willy Eisenschitz,French
William Delacour,French
Jean Pietrapertosa,French
Lucien Rouzet,French
Roqui Sanchez,French
Carole Brana,French
André Duchesne,French
Éric Deloumeaux,French
Gabriel Monnier,French
Jacques Christaud-Pipola,French
Lueyi Dovy,French
Paul Auguste Hariot,French
Jacques Rémy,French
Didier Vavasseur,French
Alphonse de Châteaubriant,French
Étienne Pflimlin,French
Romain Winding,French
Michel Jobert,French
Anne of Brittany,French
Jacques-Philippe Lallemant,French
Armand Traoré,French
Christian Dumont,French
Édouard Bague,French
Camille Raspail,French
Amédée Fengarol,French
Georges Chennevière,French
Mathilde Andraud,French
Jean-Claude Pressac,French
Franck Verzy,French
Louis Hercule Timoléon de Cossé-Brissac,French
Valentine Goby,French
Jacques de Mahieu,French
Jean-Antoine Morand,French
Cyril Chapuis,French
Marie-José Kersaudy,French
Sarah Pitkowski-Malcor,French
Gaston Peltier,French
Florent Brard,French
Michel Monnerie,French
Rose Caron,French
Grégoire Lascubé,French
Claude-Louis Mathieu,French
Jane Herveu,French
Fernand Cazenave,French
Exupere Joseph Bertin,French
Nicolas-Joseph Cugnot,French
Louis James Alfred Lefébure-Wély,French
Axelle Renoir,French
Thomas B. Reverdy,French
Emmanuel Bourdieu,French
Jean Antoine Injalbert,French
Arthur Bernède,French
Éric Aubijoux,French
Jules Delsart,French
Milena Palakarkina,French
Raymond Vincent,French
Adolphe Braun,French
Stéphane Braunschweig,French
Alexandre Lavalley,French
Auguste Louzier Sainte-Anne,French
Claude Lecourbe,French
Thierry Foucaud,French
Antide Janvier,French
Jérémy Sorbon,French
Ferdinand Duviard,French
Juan de Borgoña,French
Fahd El Khoumisti,French
René Lemarant de Kerdaniel,French
André Derain,French
Gilbert Verdié,French
Pierre Étienne Simon Duchartre,French
Jean Chassagne,French
André Chavet,French
Pierre Puget,French
Jean-Paul Maho,French
Aline Hanson,French
Claude Audran III,French
Victor Collin de Plancy,French
Albert Kazimirski de Biberstein,French
Tony Gigot,French
Guillaume Veillet,French
Françoise Deslogères,French
Symphorien Champier,French
Karine Schuler,French
Jonathan Bamba,French
Mathieu Béda,French
Marthe Flandrin,French
Jack Guittet,French
Jean Brette,French
Benoît Peschier,French
Gilbert Py,French
Eugène Tisserant,French
Antoine Singlin,French
Jean-François Petitpied,French
Marysa Baradji-Duchêne,French
André Aymard,French
Laurent Tuel,French
Algirdas Julien Greimas,French
Germaine Aussey,French
Henri Dallier,French
Jean-Christophe Benoît,French
Jaques Étienne Gay,French
Igor Djoman,French
Valérie Kaprisky,French
Michel Blavet,French
Tiémoué Bakayoko,French
Francis Lambert,French
Jacques Delarüe-Caron de Beaumarchais,French
Alexandre Dréan,French
Hippolyte Taine,French
Zino Francescatti,French
Michel Pébereau,French
Gaëtan Arib,French
Charlotte Mercier,French
Myriam Nicole,French
Jules Bastien-Lepage,French
Dominique Chauvelot,French
Michel Berger,French
Aron Skrobek,French
Jacques-Jean Barre,French
Étienne Bacrot,French
Jean Charles Marie Grenier,French
Ange Auguste Joseph de Laborde de Boutervilliers,French
Laurent Pariente,French
Xavier Guichard,French
Yevgeni Polyakov,Russian
Angelina Vovk,Russian
Vladimir Andreyev,Russian
Alisa Orlova,Russian
Viktor Solovev,Russian
Fedir Volkov,Russian
Ksenija Grigoreva,Russian
Lana Egorova,Russian
Isai Egorov,Russian
Vikentiy Khvoyka,Russian
Maksim Yuryevich Vasilyev,Russian
Marina Leonidova,Russian
Anri Khagush,Russian
Arkadi Tyapkin,Russian
Natalia Lobova,Russian
Nikita Bespalov,Russian
Masanobu Shinozuka,Russian
Sergei Ogorodnikov,Russian
Elena Gerasimova,Russian
German Fedorov-Davydov,Russian
Konstantin Rachkov,Russian
Ruslan Mukhametshin,Russian
Anna Smolina,Russian
Nikolai Severtzov,Russian
Elena Zharkova,Russian
Margarita Bogdanova,Russian
Anatoly Neratov,Russian
Leonid Zankov,Russian
Nikolay Koksharov,Russian
Ivan Lyubimov,Russian
Vasily Lobanov,Russian
Vyacheslav Dusmanov,Russian
Denis Tkachuk,Russian
Savva Morozov,Russian
Sergey Mindirgasov,Russian
Marina Kislova,Russian
Saadat Dalgatova,Russian
Dmitry Vorobyov,Russian
Valeria Mikhailova,Russian
Dmitri Vishnevsky,Russian
Boris Volynov,Russian
Boris Eikhenbaum,Russian
Marta Sirotkina,Russian
Sergei Neretin,Russian
Ruslan Litvinov,Russian
Sergei Ilyin,Russian
Pavel Yevteyev,Russian
Schema-Igumen John of Valamo,Russian
Irina Tyukhay,Russian
Vasily Nalimov,Russian
Varvara Massalitinova,Russian
Ekaterina Evdokimova,Russian
Aleksandr Reshetnyak,Russian
Alexander Hrennikoff,Russian
Platon Poretsky,Russian
Sergei Shendelev,Russian
Igor Boldin,Russian
Anatoli Prudnikov,Russian
Vladimir Korenev,Russian
Nikolai Bogomolov,Russian
Ivan Andreyevich Argamakov,Russian
Eduard Ludyansky,Russian
Dmitri Zyuzin,Russian
Alexander Sharychenkov,Russian
Anna Sergeyeva,Russian
Sergei Frolov,Russian
Akhmed Kurbanov,Russian
Victor Shaburov,Russian
Sergey Lazarevich Lashkarev,Russian
Grigori Perelman,Russian
Yevgeny Grishin,Russian
Zoya Buryak,Russian
Roman Antonov,Russian
Maria Motuznaya,Russian
Sergey Tatevosyan,Russian
Nikita Balieff,Russian
Aleksandr Katasonov,Russian
Igor Bukhman,Russian
Stepan Kurianov,Russian
Semyon Alapin,Russian
Roman Povazhny,Russian
Håkan von Eichwald,Russian
Vladimir Vavilov,Russian
Sergey Makovsky,Russian
Igor Korchilov,Russian
Boris Groys,Russian
Andrey Gubin,Russian
Alexander Strauch,Russian
Yekaterina Sheremeteva,Russian
Semyon Belits-Geiman,Russian
Oleg Babenkov,Russian
Roman Vlasov,Russian
Aleksey Plotnikov,Russian
Boris Gulko,Russian
Yuri Kasparov,Russian
Andrei Yevgenyevich Ivanov,Russian
Aleksandr Dolgov,Russian
BadComedian,Russian
Nikolay Aleksandrovich Mukhin,Russian
Sergei Shashkov,Russian
Leopold Julian Kronenberg,Russian
Aleksandr Golovko,Russian
Konstantin Dzutsev,Russian
Grigory Rechkalov,Russian
Vladimir Molchanov,Russian
Dmitri Shikhovtsev,Russian
Andrei Batyutin,Russian
Vladislav Kiselyov,Russian
Marko Voinovich,Russian
Nikolai Tarasov,Russian
Tatyana Chernova,Russian
Malva Landa,Russian
Georgii Polozii,Russian
Arkadi Akopyan,Russian
Gordey Levchenko,Russian
Artur Akavov,Russian
Yegor Ivanovich Zolotarev,Russian
Mitrofan Belyayev,Russian
Alexander Prokofyev,Russian
Konstantin Prilous,Russian
Aleksei Sherstnyov,Russian
Ivan Kulibin,Russian
Stanislav Alshevsky,Russian
Alexei Volodin,Russian
Evgeniy Lovchev,Russian
Gennady Vasilyev,Russian
Mikhail Gorbanevsky,Russian
Anastas Mikoyan,Russian
Boris Brasol,Russian
Maria Alexandrova,Russian
Vadim Krutetsky,Russian
Maksim Polyakov,Russian
Yevgeni Yezhov,Russian
Viktor Kalinnikov,Russian
Andrei Monastyrski,Russian
Ekaterina Velmezova,Russian
Evgeni Galkin,Russian
Maria Kuznetsova,Russian
Valentin Zykov,Russian
Denis Kostin,Russian
Leonid Rumyantsev,Russian
Dmitry Vasiliyevich Ageev,Russian
Nikolay Moiseyev,Russian
Alexey Skvortsov,Russian
Viktor Avilov,Russian
Alexei Savrasov,Russian
Anton Ivakin,Russian
Khaim Eidus,Russian
Dmitri Tcherniakov,Russian
Dmitri Kiselev,Russian
Irina Kuleshova-Kovrova,Russian
Nikolai Garin-Mikhailovsky,Russian
Nikita Shurshin,Russian
Maria Golubnichaya,Russian
Anatoli Yakushev,Russian
Nikolay Markov,Russian
Vasily Tropinin,Russian
Sergei Luchina,Russian
Anastasia Chirtsova,Russian
Andrey Tereshin,Russian
Yuliya Fomenko,Russian
Marina Neyolova,Russian
Ivan Clustine,Russian
Vitaly Lazarenko,Russian
Masha Novoselova,Russian
Alla Grishchenkova,Russian
Aleksandr Dimidko,Russian
Grigory Novak,Russian
Nikolai Tolstykh,Russian
Alexander Ivanovich Mikhailov,Russian
Dmitry Sopot,Russian
Ekaterina Gnidenko,Russian
Zinovii Grzhebin,Russian
Danila Izotov,Russian
Sergei Nikolaevich Trubetskoy,Russian
Pyotr Berestov,Russian
Ramazan Isayev,Russian
Carlo Andrea Pozzo di Borgo,Russian
Tatiana Mouratova,Russian
Evgenia Smolyaninova,Russian
Ivan Fyodorov,Russian
Aleksandr Bashminov,Russian
Umar Edelkhanov,Russian
Andrei Bitov,Russian
Artur Minosyan,Russian
Yekaterina Dyachenko,Russian
Robert Nobel,Russian
Basil Fool for Christ,Russian
Mikhail Usanovich,Russian
Alexandr Shilov,Russian
Sergei Sergeyevich Smirnov,Russian
Mikhail Levit,Russian
Nikolai Tyunin,Russian
Mukhsin Mukhamadiev,Russian
Ekaterina Zavyalova,Russian
Sergei Balakhnin,Russian
Yekaterina Gamova,Russian
Maria Liktoras,Russian
Gennadi Sardanashvily,Russian
Igor Fesunenko,Russian
Max Weinreich,Russian
Casimir Markievicz,Russian
Pyotr Shabelsky-Bork,Russian
Rail Abdullin,Russian
Kanti Abdurakhmanov,Russian
Peter Yurdansky,Russian
Anna Ovcharova,Russian
Aleksandr Korotayev,Russian
Dzhamaldin Khodzhaniyazov,Russian
Maria Skobtsova,Russian
Yefrem Grigorev,Russian
Vanya Belov,Russian
Vera Zaytseva,Russian
Gavriil Antonov,Russian
Naum Kuzmin,Russian
Nazariy Vinogradov,Russian
Nikifor Alexeev,Russian
Roman Kulikov,Russian
Serafim Ilin,Russian
Yustina Koroleva,Russian
Isaak Antonov,Russian
Gerasim Zaytsev,Russian
Ioann Grigorev,Russian
Alyosha Makarov,Russian
Ksenija Mikhaylova,Russian
Sveta Zaytseva,Russian
Naida Sergeeva,Russian
Boris Kuznetsov,Russian
Maksim Pushkin,Russian
Ortrun Peters,German
Isold Jäger,German
Kinge Bohn,German
Käthe Brandt,German
Armin Kraus,German
Adelhard Sommer,German
Reino Kopp,German
Ulrich Brauer,German
Sascha Goudier,German
Hedwig Simon,German
Uschi Geissler,German
Anicho Weimann,German
Hildebert Busch,German
Korbinian Schmid,German
Maud Weiner,German
Berthold Teufel,German
Annikin Hartmann,German
Ottilia Frei,German
Jochim Bohn,German
Rosemarie Leitz,German
Iris Kramer,German
Erik Domaschke,German
Max Hopp,German
Heribert von Larisch,German
Reinhard Lakomy,German
Fabian Graudenz,German
Martina Jäschke,German
Justine Ozga,German
Philipp Lengsfeld,German
Niels Högel,German
Hermann Schlöske,German
Peter Feldmann,German
Sven Matthes,German
Roselore Sonntag,German
Anna Rosmus,German
Konrad Repgen,German
Finnia Wunram,German
Hans Joachim Köhler,German
Rudolf Baier,German
Kai Rapsch,German
Jasmin Schwiers,German
Alyn Camara,German
Gerold Huber,German
Andreas Kemper,German
Ernst Weyden,German
Thomas Anders,German
Rosa von Praunheim,German
Johann Georg Ziesenis,German
Wolfgang Sawallisch,German
Heinrich Jacob Aldenrath,German
Volker Oppitz,German
Paul Leverkühn,German
Gerhard Kraft,German
Ernst Freese,German
Michaela Wenig,German
Leon Goretzka,German
Testo,German
Helmut Woltersdorf,German
Magnus Agricola,German
Andreas Keuser,German
Atilla Birlik,German
Georg Bernhard Bilfinger,German
Constantin Frommann,German
Gustav Althoff,German
Lovelyn Enebechi,German
Ignaz Kögler,German
Günter Fink,German
Philipp Wolfrum,German
Georg Schafer,German
Silke Scheuermann,German
Christoph Voll,German
Dorothea Chryst,German
Otto Piltz,German
Tobias Kurbjuweit,German
Klaus Fichtel,German
Günter Kuhnke,German
Maximilian Beyer,German
Alexandrine von Taxis,German
Marek Kalbus,German
Friedrich Maassen,German
Klaus-Dieter Seehaus,German
Werner Pittschau,German
Sigrid Behrenz,German
Stephanie Storp,German
Theo Vogelsang,German
Madeline Matzen,German
Otto Richard Bossert,German
Klaus-Jürgen Bathe,German
Yannick Deichmann,German
Charlotte Witthauer,German
Simone Augustin,German
Hermann Keck,German
Sepp Hochreiter,German
Cosma Shiva Hagen,German
André Lenz,German
Karl August Wittfogel,German
Carl Friedrich Otto Westphal,German
Henry of Stolberg,German
Emil Ludwig Schmidt,German
Adolf Busch,German
Gabriel Welter,German
Ingrid Lorenz,German
Jana Schimke,German
Fritz Reuter,German
Richard Abegg,German
Christian Hausmann,German
Klaus Thomforde,German
Fritz Künkel,German
Countess Elisabeth of Leuchtenberg,German
Margrit Brückner,German
Jonathan Schmude,German
Sreeraj Gopinathan,German
Andrea Bunjes,German
Manfred Höppner,German
Wilhelm Johann Karl Zahn,German
Robert H.P. Platz,German
Erwin Stein,German
Ralf Kölbel,German
Richard von Weizsäcker,German
Maximilian Thiel,German
Birgitt Austermühl,German
Hermann Kuhnt,German
Alexander von Suchten,German
Hans Bütow,German
Vince Mennie,German
Wolfgang Dahmen,German
Shalva Didebashvili,German
Steffen Popp,German
Gisela Goudier,German
Gisil Arnold,German
Aurel Wehner,German
Adalric Steube,German
Vreni Beck,German
Ebbe Stumpf,German
Hildebert Knopf,German
Rafael Holland,German
Rupert Wendell,German
Annikin Stauss,German
Ada Weiner,German
Ilsa Gorman,German
Abelard Heinrich,German
Meike Protz,German
Adalric Schmitz,German
Toshifumi Baba,Japanese
Kiyoshi Kodama,Japanese
Maki Mori,Japanese
Sayaka Kitahara,Japanese
Hiro Yūki,Japanese
Tomohiro Nagatsuka,Japanese
Katsuhisa Nitta,Japanese
Hiroshi Miyamoto,Japanese
Hideo Ogata,Japanese
Takashi Amano,Japanese
Sayumi Michishige,Japanese
Yuya Niwa,Japanese
Tatsugo Kawaishi,Japanese
Junya Yamashiro,Japanese
Risa Shinnabe,Japanese
Naohiro Takahara,Japanese
Fuchi Honda,Japanese
Yumi Inomata,Japanese
Akane Kuroki,Japanese
Masayuki Onodera,Japanese
Ōikari Tsuyoshi,Japanese
Taira Honda,Japanese
Shunsuke Izumiya,Japanese
Hidenori Ishii,Japanese
Yasuhiro Okuyama,Japanese
Katsunori Kikuno,Japanese
Hiroaki Tajima,Japanese
Yoshikane Mizuno,Japanese
Kiichi Harada,Japanese
Sagen Ishizuka,Japanese
Koshiro Shimada,Japanese
Tomoya Fukumoto,Japanese
Chihiro Igarashi,Japanese
Shinpei Takagi,Japanese
Shinpei Nakayama,Japanese
Mitsuru Miyamoto,Japanese
Shunzo Ono,Japanese
Morinosuke Kawaguchi,Japanese
Shigemasa Higaki,Japanese
Kazuaki Saso,Japanese
Aya Kida,Japanese
Tsukasa Tawada,Japanese
Masataka Kani,Japanese
Natsuko Imamura,Japanese
Eiichi Yamamoto,Japanese
Kensuke Sasaki,Japanese
Taketoshi Naito,Japanese
Tomoko Honda,Japanese
Shinsuke Okuno,Japanese
Haruki Kadokawa,Japanese
Sho Kamogawa,Japanese
Sakonji Seizō,Japanese
Fumi Hirano,Japanese
Torii Mototada,Japanese
Lisa Takeba,Japanese
Einosuke Akiya,Japanese
Ryusei Sagusa,Japanese
Maki Yano,Japanese
Keiju Karashima,Japanese
Toshio Kuroiwa,Japanese
Sei Hiraizumi,Japanese
Naomi Eto,Japanese
Mitsuko Baisho,Japanese
Shunji Dodo,Japanese
Koya Kazama,Japanese
Chara,Japanese
Natsuko Kuroda,Japanese
Megumi Ishii,Japanese
Okuro Oikawa,Japanese
Akino Arai,Japanese
Akinobu Hiranaka,Japanese
Paulo Miki,Japanese
Rinko Kikuchi,Japanese
Yoko Inada,Japanese
Yumeji Takehisa,Japanese
Ginko Abukawa-Chiba,Japanese
Yuki Naito,Japanese
Daishi Murata,Japanese
Kazutoshi Sakurai,Japanese
Masakazu Konishi,Japanese
Sone Arasuke,Japanese
Makoto Yoshino,Japanese
Hiroatsu Takahashi,Japanese
Arisa Ogasawara,Japanese
Yuki Soma,Japanese
Chisato Okai,Japanese
Tetsu Yano,Japanese
Naoya Nomura,Japanese
Kyoichi Nagaya,Japanese
Kenji Uematsu,Japanese
Hirofumi Yamashita,Japanese
Atsushi Mochizuki,Japanese
Kimeru,Japanese
Yuta Watanabe,Japanese
Torai Kamata,Japanese
Mizuki Arai,Japanese
Ai Kato,Japanese
Takamine Tokumei,Japanese
Jahangir Oshidri,Iranian
Ali Davani,Iranian
Maryam Sachs,Iranian
Mirza Aqa Khan Kermani,Iranian
Seqat-ol-Eslam Tabrizi,Iranian
Mojtaba Moharrami,Iranian
Amir Mohammad Bakhshi,Iranian
Abu Nasr Farsi,Iranian
Maryam Kavyani,Iranian
Ahmad Zirakzadeh,Iranian
Alireza Marandi,Iranian
Abdolbaghi Darvish,Iranian
Roknolmolk,Iranian
Peyman Fattahi,Iranian
Ali-Asghar Fani,Iranian
Sadr al-Dīn Mūsā,Iranian
Antoin Sevruguin,Iranian
Ali-Akbar Sa'idi Sirjani,Iranian
Mohammad Reza Sarshar,Iranian
Hamed Komeili,Iranian
"Malek Jahan Khanom, Mahd-e Olia",Iranian
Heshmat Mohajerani,Iranian
Mahsa Amrabadi,Iranian
Nima A Rowshan,Iranian
Ehsan Mohajer Shojaei,Iranian
Daniel Gevargiz,Iranian
Farhad Ebrahimi,Iranian
Wahb ibn Munabbih,Iranian
Ali Asqar Peyvandi,Iranian
Varoujan Hakhbandian,Iranian
Behtash Misaghian,Iranian
Saied Reza Ameli,Iranian
Mojtaba Mirzadeh,Iranian
Hashem Hashemzadeh Herisi,Iranian
Hamid Rahmanian,Iranian
Mardansina,Iranian
Chista Yasrebi,Iranian
Davud Monshizadeh,Iranian
Ebrahim Karimabadi,Iranian
Daleho Irandust,Iranian
Ali Bakhtiar,Iranian
Hassan Rahnavardi,Iranian
Peyman Keshavarz,Iranian
Kamran Daneshjoo,Iranian
Sina Ataeian Dena,Iranian
Kourosh Zolani,Iranian
Manouchehr Eghbal,Iranian
Tayebeh Siavoshi,Iranian
Akbar Poudeh,Iranian
Javad Khan,Iranian
Rasoul Khatibi,Iranian
Ebrahim Abednezhad,Iranian
Louise Firouz,Iranian
Mohammad Mad Malisi,Iranian
Abu'l-Husain Utbi,Iranian
Ardeshir Kamkar,Iranian
Ásíyih Khánum,Iranian
Mohammad-Hassan Aboutorabi Fard,Iranian
Hanni Beronius,Iranian
Rahimberdi Annamoradnejad,Iranian
Hossein Ardabili,Iranian
Sahak II Bagratuni,Iranian
Effat Moridi,Iranian
Khvajeh Mohammad Safavi,Iranian
Abu Dawood,Iranian
Koroush Maleki,Iranian
Ali Karim,Iranian
Homa Hosseini,Iranian
Mostafa Katiraei,Iranian
Gholamreza Rashid-Yasemi,Iranian
Ershad Yousefi,Iranian
Abolghasem Mozaffari,Iranian
Hamzeh Khaziravi,Iranian
Mahin Oskouei,Iranian
Template:Bahman salah,Iranian
Mansour Hazrati,Iranian
Amir Hossein Amiri,Iranian
Gholamreza Shafeei,Iranian
Alireza Nasr Azadani,Iranian
Khasta Qasim,Iranian
Ali Kafashian,Iranian
Sajjad Barzi,Iranian
Maziar Elhami,Iranian
Abdolreza Rajabi,Iranian
Zahra Rahnavard,Iranian
Shapour Bakhtiar,Iranian
Mahmud Gawan,Iranian
Abolfazl Fateh,Iranian
Morteza Kermani Moghaddam,Iranian
Ramezan Kheder,Iranian
Soheil Shameli,Iranian
Majid Latifi,Iranian
Davoud Maleki,Iranian
Azam Ali,Iranian
Ali Ansarian,Iranian
Majid Ghassemi,Iranian
Saleh Foroutan,Iranian
Razieh Gholami-Shabani,Iranian
Ovaness Meguerdonian,Iranian
Mansour Haghighatpour,Iranian
Mansour Hedayati,Iranian
Iraj Shahin-Baher,Iranian
Mohammad Miri,Iranian
Seyyedeh Zahra Hosseini,Iranian
Davoud Daneshdoost,Iranian
Valiollah Seif,Iranian
Ali Parvin,Iranian
Mohammad Reza Emami,Iranian
Abolhasan Farhoudi,Iranian
Navíd Akhavan,Iranian
Abdollah Fatemi Rika,Iranian
Mina Izadyar,Iranian
Ruzbihan Baqli,Iranian
Mirza Sayyed Hasan,Iranian
Hassan Honarmandi,Iranian
Mubariz al-Din Muhammad,Iranian
Sirvan Khosravi,Iranian
Seyed Pendar Toufighi,Iranian
Amir Vaziri,Iranian
Javad Jalali,Iranian
Abdollah Moazzami,Iranian
Maximilien Jazani,Iranian
Amirhossein Yahyazadeh,Iranian
George XI of Kartli,Iranian
Yadollah Akbari,Iranian
Mohammad Reza Khanmohammadi,Iranian
Baquer Namazi,Iranian
Goli Taraghi,Iranian
Sara Bahmanyar,Iranian
Mohammad-Ali Asgari,Iranian
Oveis Kordjahan,Iranian
Mohsen Bengar,Iranian
Ali Abdollahzadeh,Iranian
Mahlagha Jambozorg,Iranian
Reza Ghasemi,Iranian
Hamideh Abbasali,Iranian
Alireza Ramezani,Iranian
Mohammad Montazeri,Iranian
Mohammad Mehdi Mehdikhani,Iranian
Mehdi Shahrokhi,Iranian
Hourieh Peramaa,Iranian
Mahyar Hassan-Nejad,Iranian
Talat Basari,Iranian
Ahmad Dehqan,Iranian
Fereydoon Moshiri,Iranian
Bahman Sholevar,Iranian
Gholamhossein Mosaheb,Iranian
Rasoul Mozafari,Iranian
Saber Hardani,Iranian
Esmaeil Sharifat,Iranian
Javad Mahjoub,Iranian
Annik Shefrazian,Iranian
Mohammad-Javad Bahonar,Iranian
Fereidoon Tavallali,Iranian
Mohammad Nozhati,Iranian
Qatran Tabrizi,Iranian
Assadollah Hosseinpoor,Iranian
Mahmoud Hojjati,Iranian
Gholam-Hossein Sa'edi,Iranian
Nikol Faridani,Iranian
Mohammad-Ali Ramin,Iranian
Rouhollah Rahmani,Iranian
Mahmoud Khordbin,Iranian
Hormoz Farhat,Iranian
Mir-Hossein Mousavi,Iranian
Fatemeh Rakeei,Iranian
Ganjali Sabahi,Iranian
Reza Esteki,Iranian
Majid Abdolhosseini,Iranian
Afshin Naghouni,Iranian
Amir Mohebi,Iranian
Vali Maleki,Iranian
Bahíyyih Khánum,Iranian
Farzaneh Taidi,Iranian
Amin Shojaeian,Iranian
Ayoub Vali,Iranian
Bahram Aryana,Iranian
Mohammad Mohammadi Golpayegani,Iranian
Vahid Dalirzahan,Iranian
Mohammad Farhadi,Iranian
Akram Pedramnia,Iranian
Zakaria Hashemi,Iranian
Ashkan Pouya,Iranian
Muhammad al-Bukhari,Iranian
Soraya Darabi,Iranian
Javad Arianmanesh,Iranian
Pari Zanganeh,Iranian
Mohammad Gholamin,Iranian
Hossein Fereydoun,Iranian
Bahman Tahmasebi,Iranian
Safi-ad-din Ardabili,Iranian
Hossein Bashiriyeh,Iranian
Bahram Ghasemi,Iranian
Shayesteh Ghaderpour,Iranian
Mehdi Kouchakzadeh,Iranian
Fereshteh Taerpour,Iranian
Ali Tayebnia,Iranian
Sousan Azadi,Iranian
Parastou Forouhar,Iranian
Sohrab Vossoughi,Iranian
Haji-Mirza Hassan Roshdieh,Iranian
Mahmoud Beiglou,Iranian
Abu al-Najib Suhrawardi,Iranian
Omid Khaledi,Iranian
Aidin Bozorgi,Iranian
Bijan Jazani,Iranian
Jila Almasi,Iranian
Fanny López Jiménez,Mexican
Jose de Teresa,Mexican
Brenda Bezares,Mexican
María Sanjuana Cerda Franco,Mexican
Gerardo García Pimentel,Mexican
Francisco Rotllán,Mexican
Edgardo Chaire Chavero,Mexican
Raúl Paz Alonzo,Mexican
Rosalinda López Hernández,Mexican
Adrián Cortés,Mexican
Hugo Valdez,Mexican
Antiguo Autómata Mexicano,Mexican
Manuel Romero Rubio,Mexican
Jorge Mora,Mexican
Armando Ríos Piter,Mexican
Horacio Cervantes,Mexican
Andrés Ulises Castillo Villarreal,Mexican
Mario López Valdez,Mexican
Claudio Suárez,Mexican
Mary Boquitas,Mexican
José Luis Villegas Méndez,Mexican
Herminia Álvarez Herrera,Mexican
Jorge Legorreta Ordorica,Mexican
Lorenzo Ramírez,Mexican
Antonio Ruiz-Rosales,Mexican
Romel Beck,Mexican
Maribel Ramírez,Mexican
José Gonzalo Escobar,Mexican
José de la Borda,Mexican
Mariana Frenk-Westheim,Mexican
Carlos Lozano de la Torre,Mexican
Kevin Chávez,Mexican
Héctor Pérez Plazola,Mexican
Ramón Ortiz y Miera,Mexican
Juan Valentín Amador,Mexican
Jesús Zavala,Mexican
Gregorio Blasco,Mexican
José Elías Moreno Jr.,Mexican
Jesús Ramírez Rangel,Mexican
Luis Calderón Vega,Mexican
Eduardo Zazueta,Mexican
Juan Manuel Ley,Mexican
Miguel Ángel Navarro Quintero,Mexican
Mini Charly Manson,Mexican
Valentín Guzmán Soto,Mexican
Dolores Jiménez y Muro,Mexican
Mr. Niebla,Mexican
Gustavo Buenrostro Díaz,Mexican
Cristhian Presichi,Mexican
Alfonso Toledano Jr.,Mexican
Rogelio A. González,Mexican
Rodrigo Carrillo Pérez,Mexican
Sergio González García,Mexican
Paulina Gaitán,Mexican
Claudia Cruz Santiago,Mexican
Luis Videgaray Caso,Mexican
Cristina Eustace,Mexican
Pedro Ferriz de Con,Mexican
Ángel Bracho,Mexican
Alexander Acha,Mexican
Raciel Pérez Cruz,Mexican
Rodrigo Ruiz,Mexican
Irma Carmona,Mexican
Gabino Velasco,Mexican
Eloy Cantú Segovia,Mexican
Marcela Gándara,Mexican
Jose María Martínez Martínez,Mexican
Ángel Mortal Jr.,Mexican
Laura Urdapilleta,Mexican
Luis Miguel Cámara,Mexican
José Antonio Mexía,Mexican
Rigo Tovar,Mexican
José Becerra,Mexican
Roberto Heinze Flamand,Mexican
Edgar Urquizo,Mexican
René Juárez Cisneros,Mexican
Ignacio Hierro,Mexican
Abraham Stavans,Mexican
Axel Matus,Mexican
Rogelio López,Mexican
Juan Martínez,Mexican
Alfredo Placencia,Mexican
Edmundo Rodriguez,Mexican
Norma Alarcón,Mexican
Olivia Molina,Mexican
Alexis Hellmer,Mexican
Guillermo Haro,Mexican
Miguel Puente,Mexican
Samer Omar,Mexican
Jaime Verdín Saldaña,Mexican
Jorge Valencia,Mexican
Jorge Alor,Mexican
Mauricio Gallaga,Mexican
Alexander Balankin,Mexican
Alejandro Poiré Romero,Mexican
Teresa del Conde,Mexican
Beatriz de Padilla,Mexican
Celestino Gorostiza,Mexican
Patricia Peña Recio,Mexican
Heladio Ramírez,Mexican
Gil Burón,Mexican
Enrique Martín,Mexican
Guillermo Schmidhuber,Mexican
Margarita Zavala,Mexican
Súper Nova,Mexican
Valdemar Gutiérrez Fragoso,Mexican
José Antonio Rojo García,Mexican
Carlos Raymundo Toledo,Mexican
Raymundo Cárdenas,Mexican
Omar Lorméndez Pitalúa,Mexican
Claudia Islas,Mexican
Delia Guerrero Coronado,Mexican
Julio Cepeda,Mexican
Carlos Humberto Aceves,Mexican
Carlos Alvarado Lang,Mexican
Octavio Germán Olivares,Mexican
Soledad López Torres,Mexican
Ernesto González,Mexican
Rosa Peña Rocamontes,Mexican
Arturo Ledesma,Mexican
José Mojica,Mexican
Juan José Estrada,Mexican
Agustín Basave Benítez,Mexican
Omar Palos,Mexican
Germán Jiménez,Mexican
Porfirio Becerril,Mexican
Francisco Serrano,Mexican
Toña la Negra,Mexican
Ricky Otero,Mexican
Horacio López Salgado,Mexican
Agustín Landa Verdugo,Mexican
Óscar Aldo Hernández,Mexican
Leonorilda Ochoa,Mexican
Diana Evangelista,Mexican
John Richardson Harris,Mexican
Luis M. Farías,Mexican
Rocío Abreu Artiñano,Mexican
Jonathan Vega,Mexican
Martín Luis Guzmán,Mexican
Daniela Múñoz Gallegos,Mexican
Jomí García Ascot,Mexican
Sabás Magaña García,Mexican
Gloria Rasgado Corsi,Mexican
Jorge Valadéz,Mexican
Juan Carlos Silva,Mexican
Claudia Troyo,Mexican
Anita Blanch,Mexican
Orbelín Pineda,Mexican
María Elena Chávez Palacios,Mexican
Mauro Ortíz,Mexican
Diego Luna,Mexican
Gabino Zavala,Mexican
Romney Brent,Mexican
Francisco Negrete,Mexican
Juan Carlos Rulfo,Mexican
Gumercindo Álvarez Sotelo,Mexican
Gerardo Daniel Ruiz,Mexican
Alberto Vázquez Martínez,Mexican
Aitor Iturrioz,Mexican
Julio Carrasco Bretón,Mexican
María Araceli Vázquez Camacho,Mexican
Óscar Malherbe de León,Mexican
Mark Aanderud,Mexican
Elvira Ríos,Mexican
Sofía Sisniega,Mexican
Ricardo Marín,Mexican
Roberto Carlos Juárez,Mexican
José María Yáñez,Mexican
Jorge Castillejos,Mexican
José Siurob,Mexican
Zoé Alejandro Robledo,Mexican
Benjamin Mora,Mexican
Agustín de Vetancurt,Mexican
Rosy Ocampo,Mexican
José Vantolrá,Mexican
Francisco Javier Sánchez,Mexican
Armando Velasco,Mexican
Máscara Divina,Mexican
Édgar González,Mexican
Charlyn Corral,Mexican
Daisy Hernández Gaytán,Mexican
Laura García Dávila,Mexican
Yuyi Morales,Mexican
Dieter Vargas,Mexican
Luis Angel Acosta,Mexican
José Alberto Aguilar Iñárritu,Mexican
José Luis Morales,Mexican
Tony Alfaro,Mexican
Oscar Flores Tapia,Mexican
Alonso Arciga,Mexican
Juan de Dios Cañedo,Mexican
Elena Torres,Mexican
Enrique Cárdenas del Avellano,Mexican
Porfirio Smerdou,Mexican
Hernán Márquez,Mexican
María Asunción Aramburuzabala,Mexican
Héctor Pedraza Olguín,Mexican
Sergio Almaguer,Mexican
Dolf Luque,Mexican
Rossana Nájera,Mexican
Rafael Cañedo Benítez,Mexican
Nara Falcón,Mexican
Ivan Becerra,Mexican
Raquel Jiménez Cerrillo,Mexican
Irving Zurita,Mexican
Marcelino Perelló Valls,Mexican
Jesús Feliciano,Mexican
Santiago Carrasco,Mexican
Miguel Castro Sánchez,Mexican
Horacio Macedo Esquivel,Mexican
Sagrario Ortiz Montoro,Mexican
José Manuel Marroquín Toledo,Mexican
El Hijo del Diablo,Mexican
Mariano Azuela Güitrón,Mexican
Rosalva Luna,Mexican
Luis Alcaraz,Mexican
Joaquín Pardavé,Mexican
Silvia Monge Villalobos,Mexican
Alejandro Vences,Mexican
Alfredo de Batuc,Mexican
Nicolás Urcelay,Mexican
José Manuel Garza Rendón,Mexican
José Castro,Mexican
Consuelo Escobar de Castro,Mexican
Mario Trejo,Mexican
Jorge Terán Juárez,Mexican
Ricardo Castillo,Mexican
Bartolomeo Valiani,Italian
Flaminio Baudi di Selve,Italian
Giulio Setti,Italian
Michelina of Pesaro,Italian
Mariangela Perrupato,Italian
Matej Černič,Italian
Martina Trevisan,Italian
Karim Laribi,Italian
Tiziano Annoni,Italian
Giuseppe Galliano,Italian
Lucia Peretti,Italian
Giovanni Semeria,Italian
Giuseppe De Notaris,Italian
Raffaella Fico,Italian
Ohannés Gurekian,Italian
Bruno Spaggiari,Italian
Bruno Zevi,Italian
Fausto Gullo,Italian
Giuseppe Puini,Italian
Jimmy Cazzani,Italian
Renato Fondi,Italian
Marco della Tomba,Italian
Matteo Pinton,Italian
Raffaele Contigiani,Italian
Michele Rocca,Italian
Lukas Perathoner,Italian
Maurizio Galli,Italian
Riccardo Buscarini,Italian
Leonardo Benvenuti,Italian
Fabio Menghi,Italian
Vincenzo Ugolini,Italian
Gioachino Greco,Italian
Fausto Masnada,Italian
Tatiana Locatelli,Italian
Fabio Ferraresi,Italian
Maurizio Nassi,Italian
Ruggero Cini,Italian
Lelio Orsi,Italian
Antonio Narciso,Italian
Augustus Granville,Italian
Aldo Pontremoli,Italian
Vincenzo Auricchio,Italian
Sisto Badalocchio,Italian
Carlo Giuffrè,Italian
Giacomo Anziani,Italian
Pasquale Luiso,Italian
Albino Donati,Italian
Giovanni Battista Frulli,Italian
Cary Farelli,Italian
Antonio Cosentino,Italian
Andrea Gulli,Italian
Michele Novaro,Italian
Leonardo Costagliola,Italian
Maria Adelaide Sneider,Italian
Michelangelo Antonioni,Italian
Marcello Crescenzi,Italian
Stefano Saviozzi,Italian
Lilia Torriani,Italian
Stefano Sibaldi,Italian
Andrea Frediani,Italian
Matteo Tomei,Italian
Felice Fontana,Italian
Marino Nicolich,Italian
Erica Prugger,Italian
Giacomo Lamplough,Italian
Giuseppina Martinuzzi,Italian
Carla Alberghetti,Italian
Luigi Petrucci,Italian
Albert of Trapani,Italian
Piero Carini,Italian
Riccardo Garrone,Italian
Ilario Lamberti,Italian
Aldo Olivieri,Italian
Prospero Piatti,Italian
Primo Mori,Italian
Adelaide Malanotte,Italian
Giuseppe De Giorgi,Italian
Mario Gentili,Italian
Alessandro Salvio,Italian
Francesco Laporta,Italian
Francesca Clapcich,Italian
Emilio de' Cavalieri,Italian
Francesco Borello,Italian
Francesco D'Andrea,Italian
Cristiano Dal Sasso,Italian
Adriano Balbi,Italian
Federico Russo,Italian
Massimo Pupillo,Italian
Antonio Diego Voci,Italian
Arianna Caruso,Italian
Eugenio Testa,Italian
Rodolfo Negri,Italian
Alfredo Bifulco,Italian
Mariano Garau,Italian
Alessio Scarpi,Italian
Dino Baggio,Italian
Alessandro Achillini,Italian
Matteo Brunori Sandri,Italian
Gian Marco Moroni,Italian
Rodolfo Sonego,Italian
Peppino De Filippo,Italian
Daniel Ojo,Italian
Francesca Deagostini,Italian
Giulio Coralli,Italian
Antonio Azimonti,Italian
"Theophylact I, Count of Tusculum",Italian
Gioacchino Illiano,Italian
Elisa Rigaudo,Italian
Gian Piero Ventura,Italian
Junior Cally,Italian
Alessandro Albini,Italian
Miuccia Prada,Italian
Antonio Ricardo,Italian
Luigi Acquaviva,Italian
Alessandro Guidoni,Italian
Umberto Eco,Italian
Giovanni Pettinato,Italian
Virgilio Noè,Italian
Eustachio Manfredi,Italian
Ciro Improta,Italian
Pietro Perona,Italian
Domenico Allegri,Italian
Francesco Veau,Italian
Antonio Fini,Italian
Luciano Spalletti,Italian
Vittorio Miele,Italian
Guido Salvini,Italian
Carlo Innocenzi,Italian
Vittorio Magni,Italian
Beatrice Cenci,Italian
Giulio Cesare Arrivabene,Italian
Benedetto Castelli,Italian
Alice Garlisi,Italian
Roberto Gerardi,Italian
Placido Fabris,Italian
Melissa Comin De Candido,Italian
Dario Mangiarotti,Italian
Filippo Prosperi,Italian
Rose of Viterbo,Italian
Idel Fuschini,Italian
Antonio Donghi,Italian
Michelangelo Pittatore,Italian
Marzio Ginetti,Italian
Antonello Soro,Italian
Riccardo Bolzan,Italian
Fabrizio Ficini,Italian
Aldo Zilli,Italian
Violante Visconti,Italian
Juan María de Salvatierra,Italian
Alan Sorrenti,Italian
Simone Cilio,Italian
Victoria Cabello,Italian
Gianni Rodari,Italian
Archangelo Crotti,Italian
Cesare Polacco,Italian
Francesca Chillemi,Italian
Leonardo Pieraccioni,Italian
Valentino Bucchi,Italian
Fortunato Pasquetti,Italian
Claudio Fattoretto,Italian
Franco Morone,Italian
Vincenzo Chialli,Italian
Girolamo Negri,Italian
Giuseppe Conte,Italian
Noemi Batki,Italian
Giacomo De Maria,Italian
Giovanni Scappaticci,Italian
Claudio Pani,Italian
Catherine of Ricci,Italian
Maurizio Bonuglia,Italian
Margherita Carosio,Italian
Eberardo Pavesi,Italian
Gaetano Crocco,Italian
Stefano Vavoli,Italian
Cristina Gaioni,Italian
Costanza Ghilini,Italian
Irfan Khan,Indian
T. S. Thakur,Indian
Mohammed Azharuddeen,Indian
T. Vasudeva Reddy,Indian
Zeeshan Ahmed Khan,Indian
Ahmed Raza Khan Barelvi,Indian
Chinna Jeeyar,Indian
Mehar Chand Dhawan,Indian
H. P. Gandhi,Indian
Malur R. Narasimha Prasad,Indian
Avnish Dhaliwal,Indian
Harsha N. Devani,Indian
Sajid Yahiya,Indian
Kulwant Singh,Indian
Hitesh Solanki,Indian
Kavita Krishnan,Indian
Ch. Mohan Rao,Indian
Jagjit Kaur,Indian
Suhasini Maniratnam,Indian
Indrani Mukherjee,Indian
Sajjan Rao,Indian
Baddam Narsimha Reddy,Indian
Ranjit Barot,Indian
Harbans Lal,Indian
Claude Hill,Indian
Madansingh Parmar,Indian
Harsh Mander,Indian
Fazal Ali,Indian
Anjana Mumtaz,Indian
Mahjoor,Indian
Hanuman Singh,Indian
Morup Namgyal,Indian
Sudhir Bhat,Indian
Chitresh Das,Indian
Roshan Taqui,Indian
Vijay Kichlu,Indian
Behram Contractor,Indian
Vakkom Moulavi,Indian
Thavakalai Chittibabu,Indian
B. K. Karanjia,Indian
Sadanam Krishnankutty,Indian
Arun Kolatkar,Indian
Bhargavi Rao,Indian
Jim Sarbh,Indian
Sandeep Unnikrishnan,Indian
Tarun Khiwal,Indian
Porinju Veliyath,Indian
Puttanna Kanagal,Indian
Gundabathula Venkateswara Rao,Indian
Vangara Venkata Subbaiah,Indian
Varun Sandesh,Indian
Shashi Panja,Indian
David Ngaihte,Indian
Benoy Upreti,Indian
Gangmumei Kamei,Indian
Apurba Sarma,Indian
Mangharam Udharam Malkani,Indian
Madhura Velankar,Indian
Trailokyanath Chakravarty,Indian
Chengalpet Gnaneshwar,Indian
Lal Bihari,Indian
Rahima Moosa,Indian
Sheikh Chand Mohammad,Indian
Shaikh Basheer Ahmed Muhyiddin,Indian
V. K. Murthy,Indian
Bilal Abbas,Pakistani
Syed Saim Ali,Pakistani
Aasmah Mir,Pakistani
Mohammad Khan Majeedi,Pakistani
Dildar Awan,Pakistani
Aamer Khurshid,Pakistani
Imran Hussain,Pakistani
Abdul Monem Khan,Pakistani
Nazir Ahmed Khan,Pakistani
Syed Mohammad Ahmed,Pakistani
Ghulam Jilani Khan,Pakistani
Aamer Jaffery,Pakistani
Aamer Munir,Pakistani
Zahoor Sheikh,Pakistani
Shahab Basharat,Pakistani
Aslam Azhar,Pakistani
Taufiq Tirmizi,Pakistani
Athar Ali,Pakistani
Muhammad Imran Qadir,Pakistani
Muhammad Munir Azhar,Pakistani
Gulraiz Akhtar,Pakistani
Najaf Shah,Pakistani
Albela,Pakistani
Umar Waheed,Pakistani
Ahmed Said,Pakistani
Najeeb Amar,Pakistani
Bilal Anwar,Pakistani
Maria Toorpakai Wazir,Pakistani
Naseerullah Babar,Pakistani
Arshad Pervez,Pakistani
George Ibrahim,Pakistani
Itrat Husain Zuberi,Pakistani
Zeeshan Abbasi,Pakistani
Bilawal Bhatti,Pakistani
Mohammad Siddiq,Pakistani
Sadia Iqbal,Pakistani
Fahad-ul-Haq,Pakistani
Abdul Majeed Khan Niazi,Pakistani
Arbab Alamgir Khan,Pakistani
Azharullah,Pakistani
Ghazanfar Ali Khan,Pakistani
Azra Fazal Pechuho,Pakistani
S. B. John,Pakistani
Humayun Farkhan,Pakistani
Junaid Malik,Pakistani
Nasir Nawaz,Pakistani
Abid Ali Kazi,Pakistani
Khusro Bakhtiar,Pakistani
Yumna Zaidi,Pakistani
Abdul Mannan,Pakistani
Aamer Hussein,Pakistani
Agha Ibrahim Akram,Pakistani
Zahid Ahmed,Pakistani
Asif Raza Mir,Pakistani
Shahid Zaman,Pakistani
Zara Noor Abbas,Pakistani
Fazal Subhan,Pakistani
Muhammad Naqi Mallick,Pakistani
Iqbal Bahu,Pakistani
Aisam-ul-Haq Qureshi,Pakistani
Naved Yasin,Pakistani
Ada Jafri,Pakistani
Mohammad Zahoor,Pakistani
Moulvi Agha Muhammad,Pakistani
Usman Kakar,Pakistani
Ricardo Salgado,Portuguese
Jordão,Portuguese
Abel Silva,Portuguese
Carlos Rodrigues,Portuguese
Álvaro Sabbo,Portuguese
José Cutileiro,Portuguese
Fernando António,Portuguese
Luís Santos,Portuguese
Álvaro Pina,Portuguese
Samuel Cruz,Portuguese
Jorge de Brito,Portuguese
Fernando de Sousa e Silva,Portuguese
César Vidal,Portuguese
David de Castro Tartas,Portuguese
Fernando Corrêa de Oliveira,Portuguese
Daniel Alves,Portuguese
Silvério Silva,Portuguese
Luís Costa,Portuguese
Cirilo Volkmar Machado,Portuguese
Joel Almeida,Portuguese
José Nunes,Portuguese
Solange Pereira,Portuguese
Rui Vinhas,Portuguese
Nelson Évora,Portuguese
Tiago Leão,Portuguese
António Brinco,Portuguese
Mário Moinhos,Portuguese
Michelle Larcher de Brito,Portuguese
Nuno Ribeiro,Portuguese
Gonçalo Duarte,Portuguese
Bartolomeu Perestrello,Portuguese
Gonçalo Gregório,Portuguese
Vítor Oliveira,Portuguese
Osório Carvalho,Portuguese
André Geraldes,Portuguese
Nelito,Portuguese
Fábio Vieira,Portuguese
Pedro Luís Neves,Portuguese
Pedro Guilherme-Moreira,Portuguese
Joana Carneiro,Portuguese
Francisco Jordão,Portuguese
Jennifer Smith,Portuguese
Félix Antunes,Portuguese
Nuno da Silva Gonçalves,Portuguese
Rita Pereira,Portuguese
Lisandro Semedo,Portuguese
Jaime Nogueira Pinto,Portuguese
Pedro Ribeiro,Portuguese
Gonçalo Teixeira Corrêa,Portuguese
Teresa Madruga,Portuguese
Tiago do Vale,Portuguese
Tiago André,Portuguese
José Pereira,Portuguese
Paul Alexander Zino,Portuguese
Lúcio Pereira,Portuguese
Nelinho,Portuguese
Fernando Gonçalves,Portuguese
Augusto Madureira,Portuguese
Miguel Ribeiro,Portuguese
José Jorge Loureiro,Portuguese
Mário Cardoso,Portuguese
David Cohen Nassy,Portuguese
Manuel Cargaleiro,Portuguese
Fernando Nobre,Portuguese
José Avelino Bettencourt,Portuguese
Andrezinho,Portuguese
Nera,Portuguese
Bibi,Portuguese
Tomás Ribeiro,Portuguese
Marisa Matias,Portuguese
Tony Carreira,Portuguese
Rui Andrade,Portuguese
Romeu Rocha,Portuguese
Ricardo Rocha,Portuguese
Francisco Romãozinho,Portuguese
Eder,Portuguese
Susana Gaspar,Portuguese
David José Alves,Portuguese
Manuel António Martins,Portuguese
Mozer,Portuguese
Daniela Inácio,Portuguese
Álvaro Silva,Portuguese
Rui Valença,Portuguese
Ko Hyon-suk,Korean
An Jung-hwa,Korean
Dang Ye-seo,Korean
Kim Ju-young,Korean
Song Jin-woo,Korean
Yun Humyong,Korean
Young Oon Kim,Korean
Nam Suk Lee,Korean
Song Joong-ki,Korean
Park Wan-suh,Korean
Kim Chi-gon,Korean
Yoon Young-geul,Korean
Park Eun-bin,Korean
Ha Seung-ri,Korean
Jeon Ye-seo,Korean
Song Byeong-jun,Korean
Hong Gyeong-seop,Korean
Ji Seung-hyun,Korean
Chung Yun-seong,Korean
Song Kang,Korean
Kim Kee-hee,Korean
Park Jong-hun,Korean
Masamori Tokuyama,Korean
Choi Myeong-suk,Korean
Lee Chun-soo,Korean
Hwang Te-song,Korean
Lee Hong-gi,Korean
Bae Noo-ri,Korean
Byun Hyuk,Korean
Kitack Lim,Korean
Kim Hee-ae,Korean
Han Seung-woo,Korean
Nikolai Shin,Korean
Yu Chang-jun,Korean
Jo Mi-ryung,Korean
Wang Bit-na,Korean
Kim Gyu-san,Korean
Choi Chung-il,Korean
Kang Tong-yun,Korean
Eun Seong-soo,Korean
Park Yong-jin,Korean
Mo Chang-min,Korean
H-Eugene,Korean
Noh Hyun-suk,Korean
Jung Eun-hea,Korean
Jeong On-ra,Korean
Gain,Korean
Gwon Han-na,Korean
Saori,Korean
Lee Won-il,Korean
Dong-Suk Kang,Korean
Jong Chun-mi,Korean
Suku Park,Korean
An Jang-hyeok,Korean
Kim Keum-hwa,Korean
Park So-dam,Korean
Sin Rip,Korean
Jin Chang-uk,Korean
Kim Do-kyoum,Korean
Gong Tae-ha,Korean
Jang Dong-gun,Korean
Lee Yong-dae,Korean
Lee Ji-ah,Korean
Yoo Sun-hee,Korean
Choi Jin-sung,Korean
Hari Won,Korean
Hwang Soon-min,Korean
Ko Nak-choon,Korean
Chung Dong-hoon,Korean
Joo Min-jin,Korean
Lee Ho-eung,Korean
Kwon Ki-ok,Korean
Choi Kook-hee,Korean
Kim Joo-young,Korean
Lee Jin,Korean
Kim Iryeop,Korean
Yun Song-mi,Korean
Lee Byung-chul,Korean
Song Jun-gil,Korean
Lim Young-woo,Korean
Ha Ui-geon,Korean
Kim Duck-soo,Korean
Lee Sun-young,Korean
Kim Jae-han,Korean
Kenny Park,Korean
Oh Kil-nam,Korean
Lee Sumyeong,Korean
Kim Sung-hong,Korean
Choe Myeong-gil,Korean
Kim Ok,Korean
Song Yoo-jung,Korean
Park Tae-hyeong,Korean
Lee Du-yeon,Korean
Sergey Tsoy,Korean
Han Moon-bae,Korean
Kang Keon-wook,Korean
Kim Young-oh,Korean
Goo Dae-young,Korean
An Dae-hyun,Korean
Kim Ho-jun,Korean
Jeoun Eun-ha,Korean
Ku Hyo-jin,Korean
Choi Yun-suk,Korean
Yu In-chon,Korean
Mad Clown,Korean
Lee Won-jong,Korean
Park Bo-ram,Korean
Chungha,Korean
Kim Yeon-koung,Korean
Kim Chi-woo,Korean
Song Ji-hyo,Korean
Jun Chong,Korean
Kim Si-woo,Korean
Jeong Eun-hui,Korean
Seo Bun-nam,Korean
Han Seung-hun,Korean
Jang Si-yeong,Korean
Jo Tong-dal,Korean
Young-Chang Cho,Korean
Yun Young-sook,Korean
Ho Jong-suk,Korean
Kim Ji-yeon,Korean
Seo Ji-hee,Korean
Chung Jae-hun,Korean
Paik Seung-ho,Korean
Cho Jae-kwan,Korean
Younghi Pagh-Paan,Korean
Park Jin-hee,Korean
Park Si-hoo,Korean
Seong Nak-gun,Korean
Woo Sang-hyeok,Korean
Hur Aram,Korean
Lee Chae-mi,Korean
Yoo Yeon-mi,Korean
Han Jong-woo,Korean
Kim Soo-ok,Korean
Woo Chul,Korean
Kwon Nara,Korean
Lee Eun-young,Korean
Park Min-young,Korean
Song Gyo-sik,Korean
Lee Tuk-young,Korean
Kwak Jae-gu,Korean
Ahn Chol,Korean
Bae Se-hwa,Korean
Choe Sang-hun,Korean
Jung Young-ho,Korean
Song Hae-sung,Korean
Shin Tae-yong,Korean
Hong Joon-ho,Korean
Yun Yong-ho,Korean
Lee Tae-ri,Korean
Yang Roy-sung,Korean
Dmitry Samoylov,Korean
Shin Dong-woo,Korean
Park Nam-su,Korean
Choi Ran,Korean
Chae Keun-bae,Korean
Kim Sung-hoon,Korean
Lee Chu-hong,Korean
Kim Yung-kil,Korean
Park Nam-yeol,Korean
Kim Hyun-sung,Korean
Kang Man-soo,Korean
Ji Kyeong-deuk,Korean
Yang Tae-i,Korean
Jun Dae-je,Korean
Oh Kwang-rok,Korean
Song Sang-hyun,Korean
Hong Sehwa,Korean
Kim Ju-na,Korean
Kim Young-mu,Korean
Joo Ki-hwan,Korean
Lee Dong-hwi,Korean
Lee Jeong-hyeong,Korean
Han Hye-sun,Korean
Park Ji-min,Korean
Jo Yi-jin,Korean
Choi Sung-won,Korean
Cheon Yang-hee,Korean
Chung Serang,Korean
Kim Hye-min,Korean
Choi Moo-ryong,Korean
Choo Soo-hyun,Korean
You Young,Korean
Youn Hyun-jung,Korean
Oh Ha-na,Korean
Kang Woo-kyu,Korean
Alex Chu,Korean
Kim In-seo,Korean
Yang Joon-a,Korean
Kim Sin-cheol,Korean
Park Bog-ye,Korean
Mok Un-ju,Korean
Yoo Hae-jin,Korean
Song Chang-eui,Korean
Han Myeong-hui,Korean
Kim Kwang-jin,Korean
Han Soo-jin,Korean
Ha Jung-woo,Korean
Nam Ja-hyun,Korean
Shim Suk-hee,Korean
Lee Jin-haeng,Korean
Jung Kyung-eun,Korean
Yi Jing-ok,Korean
Oh Soo-yeon,Korean
Lee Yun-chul,Korean
Back Min-chul,Korean
Lee Ji-min,Korean
An Han-yeong,Korean
Park Jin-ok,Korean
Ri Thong-il,Korean
Choi Myeong-jong,Korean
Jo Jae-hyeon,Korean
Yu Dong-ju,Korean
Bae Jun-seo,Korean
Park Kyung-hoon,Korean
Chang So-yun,Korean
An Chi-hong,Korean
Yu Seung-jin,Korean
Lee Taeg-won,Korean
Choe Chang-sop,Korean
Luke Song,Korean
Choi Seung-youn,Korean
Joo Swn-lan,Korean
Yun Duk-min,Korean
Shim Mina,Korean
Choi Jong-il,Korean
Lee Beom-seok,Korean
Lee Jong-kyung,Korean
Jung Eun-ji,Korean
Dmitriy Kim,Korean
Han Young-sil,Korean
Lee Jeong-gyu,Korean
Ko Chang-sung,Korean
Huh Yoon-jung,Korean
Gongyang of Goryeo,Korean
Killagramz,Korean
Ri Kwang-ok,Korean
Kim Un-chol,Korean
Jung Eun-pyo,Korean
Song Sun-mi,Korean
Julia Hwang,Korean
Cha Kyung-bok,Korean
Kim Hak-soon,Korean
Yuh Hwan-kil,Korean
Heo Kyung-hwan,Korean
Kim Kyu-sik,Korean
Min Do-hee,Korean
Lee Min-gyu,Korean
Jang Hyuk,Korean
Lee Kyu-wan,Korean
Do-ol,Korean
Kim Ho-dong,Korean
Chosil Kil,Korean
Kwon Young-woo,Korean
Ahn Byung-keon,Korean
Yi Kyoung-ja,Korean
Chung Jae-hee,Korean
Lee Jong-seop,Korean
Kim Gwi-hyeon,Korean
Shin Cheol-jin,Korean
Yoo Ha-na,Korean
Min Sung Choi,Korean
Lee Jung-suk,Korean
Chang Woon-soo,Korean
Joh Keun-shik,Korean
Lee Mankyo,Korean
Jang Jae-hyun,Korean
Jung Eun-chae,Korean
Gang Gam-chan,Korean
Nurul Maulidi,Indonesian
Hendarman Supandji,Indonesian
Wildansyah,Indonesian
Haedar Nashir,Indonesian
Indroyono Soesilo,Indonesian
Boediardjo,Indonesian
Michael Bambang Hartono,Indonesian
Mona Santoso,Indonesian
Abdul Rahman,Indonesian
I Gede Ardhika,Indonesian
Jerinx,Indonesian
Dude Harlino,Indonesian
Rizky Pellu,Indonesian
Akhudiat,Indonesian
Linton Sirait,Indonesian
Yuyu Sutisna,Indonesian
Evan Dimas,Indonesian
Rossy Pratiwi Dipoyanti,Indonesian
Sartono,Indonesian
Firmanzah,Indonesian
Cecep Syamsul Hari,Indonesian
Rico Tampatty,Indonesian
Teuku Ichsan,Indonesian
Ahmad Syafi'i Maarif,Indonesian
Dewi Fortuna Anwar,Indonesian
Rizky Yusuf Nasution,Indonesian
Leo Kristi,Indonesian
Pollycarpus Priyanto,Indonesian
Omar Dani,Indonesian
Deni,Indonesian
Sam Brodie,Indonesian
Muhammad Tahir,Indonesian
Agus Nova Wiantara,Indonesian
Misbach Yusa Biran,Indonesian
Isak Konon,Indonesian
Sarwendah Kusumawardhani,Indonesian
Valentinus Sudjito,Indonesian
Iswadi Idris,Indonesian
Joko Sidik,Indonesian
Glenn Victor Sutanto,Indonesian
Widyawati,Indonesian
Zubair Dahlan,Indonesian
Modestus Setiawan,Indonesian
Imam Samudra,Indonesian
Rosy Pereira,Indonesian
Hamengkubuwono X,Indonesian
Lambertus Johannes Toxopeus,Indonesian
Herwin Novianto,Indonesian
Ronald Alexander,Indonesian
Yan Pieter Nasadit,Indonesian
Thee Kian Wie,Indonesian
Sjumandjaja,Indonesian
Matthew Steenvoorden,Indonesian
Edy Suandi Hamid,Indonesian
Rafiddias Akhdan Nugroho,Indonesian
Firman Utina,Indonesian
Syahrul Yasin Limpo,Indonesian
Fadil Sausu,Indonesian
Sirvi Arfani,Indonesian
Bing Slamet,Indonesian
Egi Melgiansyah,Indonesian
Thomas Ryan Bayu,Indonesian
Sori Siregar,Indonesian
Anis Matta,Indonesian
Marleve Mainaky,Indonesian
Frans van Bronckhorst,Indonesian
Alsan Sanda,Indonesian
Ventje Sumual,Indonesian
Amir Syamsuddin,Indonesian
Ritham Madubun,Indonesian
Yayan Ruhian,Indonesian
Pah Wongso,Indonesian
Marianne Katoppo,Indonesian
Imam Tohari,Indonesian
Addie MS,Indonesian
Bob Sadino,Indonesian
Nippy Noya,Indonesian
Muhammad Sabani,Indonesian
Rehan Naufal Kusharjanto,Indonesian
Jojon,Indonesian
Arie Priyatna,Indonesian
Yanes Raubaba,Indonesian
Wawan Hendrawan,Indonesian
Tukul Arwana,Indonesian
Beatrice Gumulya,Indonesian
Teja Paku Alam,Indonesian
Adi Pratama,Indonesian
Asep Kambali,Indonesian
Gibran Rakabuming Raka,Indonesian
Benny Dollo,Indonesian
Dian Agus Prasetyo,Indonesian
Musso,Indonesian
Hoegeng Iman Santoso,Indonesian
Diaz Hendropriyono,Indonesian
Derry Herlangga,Indonesian
Astaman,Indonesian
Rhoma Irama,Indonesian
H. S. Dillon,Indonesian
Novrianto,Indonesian
Ismail al-Khalidi al-Minangkabawi,Indonesian
Inoe Perbatasari,Indonesian
Jooce Suwarimbo,Indonesian
Mochtar Mohamad,Indonesian
Mario Teguh,Indonesian
Ciputra,Indonesian
Adia Chan,Indonesian
Eka Ramdani,Indonesian
Mohammad Yamin,Indonesian
HB Jassin,Indonesian
Daniel Yusmic Pancastaki Foekh,Indonesian
Korneles Budam,Indonesian
Nyoman Masriadi,Indonesian
Rizky Pora,Indonesian
Ali bin Abdurrahman al-Habsyi,Indonesian
Upi Avianto,Indonesian
Anton Medan,Indonesian
Lely Sampurno,Indonesian
Ifa Sudewi,Indonesian
Oktovianus Maniani,Indonesian
Netty Herawaty,Indonesian
Mia Audina,Indonesian
Hendra Purnama,Indonesian
Jakob Oetama,Indonesian
Yasnyiar Bonne Gea,Indonesian
Imam Prasodjo,Indonesian
Selsius Gebze,Indonesian
Albert Mangaratua Tambunan,Indonesian
Mohamed Purnomo,Indonesian
Christopher Edgar,Indonesian
Budi Santoso,Indonesian
Ledjie Taq,Indonesian
Thanis Sriklindee,Thai
Sattawat Sethakorn,Thai
Khattiya Sawasdipol,Thai
Adisorn Saeng-ruang,Thai
Chudharatana Rajakumari,Thai
Siriporn Ampaipong,Thai
Kraisorn Sriyan,Thai
Chonlatit Jantakam,Thai
Suvabaktra Vilayabanna,Thai
Vimolchatra,Thai
Srinagarindra,Thai
Vichai Srivaddhanaprabha,Thai
Damrong Wongthong,Thai
Jakrapan Thanathiratham,Thai
Khuang Aphaiwong,Thai
Kriangkrai Pimrat,Thai
Wuttichai Asusheewa,Thai
Saenchai,Thai
Chad Chaiyabutr,Thai
Boonyarit Keattikun,Thai
Anna Paijinda,Thai
Chanalert Meenayothin,Thai
Vajiralongkorn,Thai
Atthawit Sukchuai,Thai
Phillip Lim,Thai
Nantawat Tansopa,Thai
Thanchaiyan Srisuwan,Thai
Tom Waller,Thai
Kaewfah Tor Buamas,Thai
Peamwilai Laopeam,Thai
Surat Narkchumsang,Thai
Kaneung Buransook,Thai
Pravinwat Boonyong,Thai
Pratya Narach,Thai
Akkarapol Meesawat,Thai
Sawong Mongkolrit,Thai
Sirachat Preedaboon,Thai
Honey Sri-Isan,Thai
Varavudh Suteethorn,Thai
Wachirawit Ruangwiwat,Thai
Suppapong Udomkaewkanjana,Thai
Chandra Saradavara,Thai
Sujinda Dangvan,Thai
Thitipoom Techaapaikhun,Thai
Ploypailin Jensen,Thai
Theeradej Wongpuapan,Thai
Kunlaphon Yantrasri,Thai
Boon Tuan Boon-Itt,Thai
Kunlavut Vitidsarn,Thai
Sarin Ronnakiat,Thai
Laila Boonyasak,Thai
Suwinit Panjamawat,Thai
Waraphat Phatsathit,Thai
Jörgen Kruth,Thai
Luang Saranupraphan,Thai
Yuen Poovarawan,Thai
Watchara Buathong,Thai
Bua Kitiyakara,Thai
Baramee Limwattana,Thai
Prachya Hong-In,Thai
Sarach Yooyen,Thai
Marsi Paribatra,Thai
Prasit Piladuang,Thai
Phumipat Kanthanet,Thai
Chumpol Bua-ngam,Thai
Sakrapee Thongsari,Thai
Tarisa Watanagase,Thai
Kanya Thiensawang,Thai
Berkrerk Chartvanchai,Thai
Teeratep Winothai,Thai
Asdang Dejavudh,Thai
Ratiporn Wong,Thai
Rungsak Kothcharak,Thai
Sang Phathanothai,Thai
Suriya Kupalang,Thai
Kiatjarern Ruangparn,Thai
Phetmuangchon Por.Suantong,Thai
Worapoj Petchkoom,Thai
Wachera Piyapattra,Thai
Ekkachai Sumrei,Thai
Rampai Sriyai,Thai
Patrick Aaltonen,Thai
Rattanaphon Pakkaratha,Thai
Krom Luang Thepharirak,Thai
Samingdet Nor.Anuwatgym,Thai
Pravit Suwanwichit,Thai
Jetrin Wattanasin,Thai
Panipak Wongpattanakit,Thai
Jeong Woo-geun,Thai
Rosenan Kanoh,Thai
Watcharakorn Manoworn,Thai
Rapepat Nakphet,Thai
Damrong Rajanubhab,Thai
Thanathip Paengwong,Thai
Chitpanya Tisud,Thai
Thitinart Na Pattalung,Thai
Tara Tipa,Thai
Suphanan Bureerat,Thai
Danupol Kaewkarn,Thai
Kanok Ratwongsakul,Thai
Pornchai Ardjinda,Thai
Nattawut Saengsri,Thai
Wipawee Srithong,Thai
Sitthikom Thammasin,Thai
Anisa Yotpinit,Thai
Piyamas Koijapo,Thai
Saksit Vejsupaporn,Thai
Khatthalee Pinsuwan,Thai
Thongtip Ratanarat,Thai
Jetsada Jitsawad,Thai
Narutchai Nimboon,Thai
Nipawan Panyosuk,Thai
Eaksatha Thanyakam,Thai
Pongpol Adireksarn,Thai
Pittawat Thongpang,Thai
Napat Injaiuea,Thai
Guo Fan,Chinese
Ma Lianliang,Chinese
Mei Shaowu,Chinese
Wang Shuang,Chinese
Cheng Rui,Chinese
Zhu Jun,Chinese
Zhang Huachen,Chinese
Guo Junchen,Chinese
Chen Xiang,Chinese
Zeng Zhen,Chinese
Bai Jie,Chinese
Ina Lu,Chinese
Cheng Zongyou,Chinese
Liu Tao,Chinese
Qiao Xin,Chinese
Zou Sixin,Chinese
Zhang Tingfa,Chinese
Tian Ran,Chinese
Xiao Guodong,Chinese
Zhou Yiqun,Chinese
Zhou Yixuan,Chinese
Lady Abahai,Chinese
Cao Peng,Chinese
Huang Feili,Chinese
Huang Qi,Chinese
Yao Fen,Chinese
Pang Xun,Chinese
Sun Baojie,Chinese
Hua Luogeng,Chinese
Cheng Changsong,Chinese
Jiang Chongjing,Chinese
Han Danni,Chinese
Deng Haiyang,Chinese
Wang Yongqing,Chinese
Jin Qi,Chinese
Lin Hsi-shan,Chinese
Hong Lei,Chinese
Chen Yinke,Chinese
Cheung Chung-kiu,Chinese
Dong Mingzhu,Chinese
Kanat Islam,Chinese
Yang Xiaoyan,Chinese
Yan Sen,Chinese
Hou Hanru,Chinese
Zhang Yuzhe,Chinese
Song Zhenyu,Chinese
Dominic Chan,Chinese
Ning Guangyou,Chinese
Guo Jianmei,Chinese
Zlatan Muslimović,Chinese
Wu Yingyin,Chinese
Xue Haifeng,Chinese
Shi Jingnan,Chinese
Xu Hongxing,Chinese
Liao Hui,Chinese
Chen Hongyi,Chinese
Luo Zuqing,Chinese
Zhao Jianhua,Chinese
Yang Hua,Chinese
Zhong Chenle,Chinese
Li Jifu,Chinese
Ding Jianxiu,Chinese
Zhang Linpeng,Chinese
Wu Jiangtao,Chinese
Zhou Yu,Chinese
Yang Jai-Hua,Chinese
Wan Gang,Chinese
Zhan Jiang,Chinese
Zhu Rongji,Chinese
Gong Xiaobin,Chinese
Hu Jie,Chinese
Anthony,Chinese
Su Rong,Chinese
Wang Junxia,Chinese
Xu Yanhua,Chinese
Xia Yeliang,Chinese
Wei Lijie,Chinese
Yuan Yuan,Chinese
Zhai Biao,Chinese
An Weijiang,Chinese
Zhao Zhiwen,Chinese
Hua Tianyou,Chinese
Ma Bufang,Chinese
Mao Haoyu,Chinese
Mian Mian,Chinese
Ding Yiping,Chinese
Zhou Liangen,Chinese
Lin Li,Chinese
Sun Piaoyang,Chinese
Wang Fan,Chinese
Chi Zijian,Chinese
Law Kwok-tai,Chinese
Wang Zhenduo,Chinese
Wang Zhiping,Chinese
Xiao Junfeng,Chinese
Chen Yile,Chinese
Ding Yi,Chinese
Zhao Erfeng,Chinese
Feng Gang,Chinese
Sun Jie,Chinese
Li Deliang,Chinese
Fang Fang,Chinese
Tang Min,Chinese
Huang Zhanzhong,Chinese
Lam Tian Xing,Chinese
Ma Mingxin,Chinese
Yang Fen,Chinese
Lai Changxing,Chinese
Liu Junwei,Chinese
Jiang Yiyuan,Chinese
Liu Yuzhang,Chinese
Liu Housheng,Chinese
Xi Aihua,Chinese
Liang Wenbo,Chinese
Deng Xiaonan,Chinese
Wang Huangsheng,Chinese
Jidi,Chinese
Chen Xingbi,Chinese
Zhang Jiabao,Chinese
Jenny Zhang,Chinese
Shen Fan,Chinese
William Hsiao,Chinese
Cheng Xu,Chinese
Wu Chunlan,Chinese
Ji Guobiao,Chinese
Zhao Yingying,Chinese
Liu Cixin,Chinese
Wu Peng,Chinese
Diana Pang,Chinese
Lu Li,Chinese
Zhang Hai Yuan,Chinese
Zhou Mi,Chinese
Wei Haiying,Chinese
Huang Xianfan,Chinese
Chen Jianhong,Chinese
Tsang Shu-ki,Chinese
Liang Jingkun,Chinese
Su Tong,Chinese
Huang Hu,Chinese
Deng Jiagui,Chinese
Pang Ji,Chinese
Benhuan,Chinese
Yan Ying,Chinese
Afong Moy,Chinese
Zhou Xiaoyan,Chinese
Tang Deshang,Chinese
Zhang Xue,Chinese
Liu Guodong,Chinese
Kong Lin,Chinese
Ye Wenling,Chinese
Wang Xilin,Chinese
Wang Fuli,Chinese
Zhao Yanmin,Chinese
Hu Haichang,Chinese
Zhang Yuxian,Chinese
Zhu Ting,Chinese
Qi Xuefei,Chinese
Wen Xingyu,Chinese
Deng Ming-Dao,Chinese
Fu Xiaofang,Chinese
Zhang Zhiwu,Chinese
Jiang Yanyong,Chinese
Tang Qi,Chinese
Zhang Ailing,Chinese
Che Mian,Chinese
Zhang Zongye,Chinese
Lily Chan,Chinese
Wang Shuming,Chinese
Yang Fangzhi,Chinese
Meng Xiaodong,Chinese
Zhao Luorui,Chinese
Cao Ziheng,Chinese
Cai Wenjing,Chinese
Huang Fengtao,Chinese
Yang Jie,Chinese
Wei Chen-yang,Chinese
Hongzhi Emperor,Chinese
Li Jingjing,Chinese
Wang Yun-wu,Chinese
Li Muhao,Chinese
Ban Gu,Chinese
Zang Cailing,Chinese
Luo Nan,Chinese
Guo Zengyuan,Chinese
Zheng Lu,Chinese
Zhou Yongqin,Chinese
He Jianping,Chinese
Liu Dan,Chinese
Zhou Wenjun,Chinese
Xiao Youmei,Chinese
Zuo Xiaoqing,Chinese
Guo Wenjun,Chinese
Ang Li,Chinese
Han Yajuan,Chinese
Yang Yurou,Chinese
Chu Mu-yen,Chinese
Wan Fang,Chinese
Xuedong Huang,Chinese
Qian Yunhui,Chinese
Meng Lizhi,Chinese
Huang Jialing,Chinese
Wang Jiayu,Chinese
Guo Longchen,Chinese
Sun Guoqiang,Chinese
Peng Yee Lee,Singaporean
Youyi,Singaporean
Sebastian Sim,Singaporean
Choor Singh,Singaporean
John Clang,Singaporean
Liang Wern Fook,Singaporean
Danial Farhan Tan,Singaporean
Sheila Sim,Singaporean
Jason Goh Koon-Jong,Singaporean
Syazwan Buhari,Singaporean
Oon Shu An,Singaporean
Ammirul Emmran,Singaporean
Kwa Geok Choo,Singaporean
Boon Hui Lu,Singaporean
Gopal Baratham,Singaporean
Fabian Kwok,Singaporean
Sylvester Sim,Singaporean
Ram Shanker,Singaporean
Rima Melati Adams,Singaporean
Ho Geok Choo,Singaporean
John Burton-Race,Singaporean
Tan Lian Ann,Singaporean
Gao Ning,Singaporean
Desmond Choo,Singaporean
Phyllis Quek,Singaporean
David Bala,Singaporean
Lim Ban Lim,Singaporean
Harhys Stewart,Singaporean
Irfan Najeeb,Singaporean
Wong Kay Poh,Singaporean
Ashrin Shariff,Singaporean
Leslie Kee,Singaporean
Razali Saad,Singaporean
Pooja Nansi,Singaporean
Lim Soon Lee,Singaporean
Run Run Shaw,Singaporean
Wong-Lee Siok Tin,Singaporean
Burdett Coutts,Singaporean
Goh Tat Chuan,Singaporean
Goh Soo Khim,Singaporean
David Ong,Singaporean
Li Lienfung,Singaporean
Tan Wearn Haw,Singaporean
Darren Lim,Singaporean
Shah Hirul,Singaporean
Avi Dixit,Singaporean
Ilhan Fandi,Singaporean
Luqman Ismail,Singaporean
Tsao Chieh,Singaporean
Azri Suhaili,Singaporean
Dinah Chan,Singaporean
May Ooi,Singaporean
Othman Wok,Singaporean
V. T. Arasu,Singaporean
Chay Wai Chuen,Singaporean
Tony See,Singaporean
Jessica Tan,Singaporean
Ismail Haron,Singaporean
Tan Keong Choon,Singaporean
Gurmit Singh,Singaporean
Ceno2,Singaporean
Janet Jesudason,Singaporean
Leon Jay Williams,Singaporean
Suffian Hakim,Singaporean
Daniel Ong,Singaporean
Eugene Tan,Singaporean
Ridhuan Muhammad,Singaporean
Huang Jianli,Singaporean
Aw Cheng Chye,Singaporean
Narelle Kheng,Singaporean
Cheryl Chan,Singaporean
Lim Tean,Singaporean
Indranee Rajah,Singaporean
Mark Chay,Singaporean
Sim Teck Yi,Singaporean
On Shaw Ming,Singaporean
Lim Kean Chye,Singaporean
Marcus Yap,Singaporean
Neo Beng Siang,Singaporean
Stella Kon,Singaporean
Irfan Fandi,Singaporean
Ian Fang,Singaporean
Ng Chin Han,Singaporean
Maddy Barber,Singaporean
Sukki Singapora,Singaporean
Darren Low,Singaporean
Justin Hui,Singaporean
Benjamin Khoh,Singaporean
Rheeya Doshi,Singaporean
Lim Teck Yin,Singaporean
Lim Nee Soon,Singaporean
Fatimah binte Sulaiman,Singaporean
Arjuna Mahendran,Singaporean
Griselda Khng,Singaporean
Desney Tan,Singaporean
Rezza Gaznavi,Singaporean
Ng Ser Miang,Singaporean
Min Lee,Singaporean
Roy Li,Singaporean
Chan Heng Chee,Singaporean
Amin Nasir,Singaporean
Gloria Lim,Singaporean
Denis Lian,Singaporean
Mark Lee,Singaporean
Noor Akid Nordin,Singaporean
Shawn Lee,Singaporean
Michelle Chong,Singaporean
Chua Ek Kay,Singaporean
Lau Meng Meng,Singaporean
Jufri Taha,Singaporean
Ajit Singh Gill,Singaporean
Tan Kim Ching,Singaporean
Juma'at Jantan,Singaporean
Chubby Hubby,Singaporean
Kang Cheng Xi,Singaporean
Thamizhavel G. Sarangapani,Singaporean
Chan Soo Sen,Singaporean
Gayatri Shunmugam,Singaporean
Teh Cheang Wan,Singaporean
Melvin Choo,Singaporean
Iskandar Ismail,Singaporean
Ng Ming Wei,Singaporean
Osbert de Rozario,Singaporean
Royston Tan,Singaporean
Abdul Dayyan Jaffar,Singaporean
Maxi Lim,Singaporean
Gareth Low,Singaporean
David Lee,Singaporean
Lee Wen,Singaporean
Itimi Dickson,Singaporean
Chen Shucheng,Singaporean
Noah Yap,Singaporean
Heng Swee Keat,Singaporean
Amita Berthier,Singaporean
Edwin Thumboo,Singaporean
Yaw Shin Leong,Singaporean
Nick Shen,Singaporean
Tan Cheng Bock,Singaporean
Bernard Tan,Singaporean
Moses Lim,Singaporean
Buddhika Mendis,Singaporean
Loh Kok Heng,Singaporean
Wee Cho Yaw,Singaporean
Jeremy Monteiro,Singaporean
Daniel Martens,Singaporean
Jerry Yeo,Singaporean
Marcus Koh,Singaporean
Genevieve Woo,Singaporean
Jasmine Yeong-Nathan,Singaporean
Darren Chua,Singaporean
Teo Poh Leng,Singaporean
Joshua Ang,Singaporean
Mohamed Shoib,Singaporean
Sheikh Haikel,Singaporean
William Scorpion,Singaporean
Adam Khoo,Singaporean
Adele Wong,Singaporean
Chiam See Tong,Singaporean
By2,Singaporean
Lim Wee Kiak,Singaporean
Shafeeq Faruk,Singaporean
Chng Seng Mok,Singaporean
Cheng Li Hui,Singaporean
Christopher Lee,Singaporean
Richard Hu,Singaporean
Chan Sek Keong,Singaporean
Remy Ong,Singaporean
Goh Chui Ling,Singaporean
Celest Chong,Singaporean
Paulyn Sun,Singaporean
Chua En Lai,Singaporean
Anumanthan Kumar,Singaporean
Shukor Zailan,Singaporean
Muhamad Faisal Manap,Singaporean
David Lim Kim San,Singaporean
Firdaus Idros,Singaporean
Chen Liping,Singaporean
Vivek Vedagiri,Singaporean
Lim Kim San,Singaporean
Quek Swee Hwa,Singaporean
Teoh Yi Peng,Singaporean
Danish Irfan Azman,Singaporean
Ng Jui Ping,Singaporean
Robert Yeo,Singaporean
Geraldine Lee,Singaporean
Stefanie Sun,Singaporean
Goh Keng Swee,Singaporean
Iskandar Jalil,Singaporean
Paul Abisheganaden,Singaporean
Cher Ng,Singaporean
Emma Yong,Singaporean
Ismail Yunos,Singaporean
Shahril Alias,Singaporean
Tan Chye Cheng,Singaporean
Chua Lam,Singaporean
Teo Ho Pin,Singaporean
Frances Liu,Singaporean
Rathi Menon,Singaporean
Lee Boon Yang,Singaporean
Ridhwan Jamaludin,Singaporean
Myra Lee,Singaporean
Zulfahmi Arifin,Singaporean
Wong Kan Seng,Singaporean
Farouq Farkhan,Singaporean
Shanti Pereira,Singaporean
Lim Chiew Peng,Singaporean
Noor Aishah Mohammad Salim,Singaporean
Tania De Rozario,Singaporean
Shuyi Kwok,Singaporean
Bala Reddy,Singaporean
Illyas Lee,Singaporean
Frank Oh,Singaporean
Julia Nickson,Singaporean
Goh Choon Phong,Singaporean
Jonathan Leong,Singaporean
Yan Xu,Singaporean
Muhamad Ridhwan,Singaporean
Liang Eng Hwa,Singaporean
Charmaine Soh,Singaporean
Manuela Bruntraeger,Singaporean
Liu Thai Ker,Singaporean
Willie Phua,Singaporean
Neil Humphreys,Singaporean
Aliff Aziz,Singaporean
Leslie Kwok,Singaporean
Amos Boon,Singaporean
Joshua Simon,Singaporean
Tan Boon Teik,Singaporean
Matthew Tan,Singaporean
Roland Tan,Singaporean
Yang Libing,Singaporean
Shawn Tok,Singaporean
Yvonne Lim,Singaporean
Runme Shaw,Singaporean
Inch Chua,Singaporean
Solamalay Namasivayam,Singaporean
Chen Wencong,Singaporean
Chen-Bo Zhu,Singaporean
Pavan Ravishankar,Singaporean
Aaron Aziz,Singaporean
Daisy Vaithilingam,Singaporean
Cynthia Chua,Singaporean
Zarinah Abdullah,Singaporean
Su Guaning,Singaporean
Chua Sian Chin,Singaporean
Margaret Leng Tan,Singaporean
Tan Thuan Heng,Singaporean
Joseph Schooling,Singaporean
Henry Kwek,Singaporean
Janice Koh,Singaporean